<?xml version="1.0" encoding="UTF-8"?>
<includes>
	<include name="HomeRecentlyAddedInfo">
		<control type="group">
			<posx>0</posx>
			<posy>230</posy>
			<animation type="WindowClose" reversible="false">
				<effect type="fade" start="100" end="0" time="400" />
			</animation>
			<animation type="WindowOpen" reversible="false">
				<effect type="slide" start="400,0" end="0,0" delay="200" easing="out" tween="quadratic" time="400" />
				<effect type="fade" start="0" end="100" delay="200" time="400" />
			</animation>
			<animation effect="slide" start="0,0" end="-20,0" time="0" condition="String.IsEqual(Skin.AspectRatio,4:3)">Conditional</animation>
			<control type="group" id="2010">
				<posx>$PARAM[group-posx]</posx>
				<posy>0</posy>
				<width>630</width>
				<height>660</height>
				<control type="panel" id="2100">
					<visible>Library.HasContent(Movies) + Container(9010).HasFocus(1)</visible>
					<animation type="Visible" reversible="false">
						<effect type="slide" start="400,0" end="0,0" delay="200" easing="out" tween="quadratic" time="400" />
						<effect type="fade" start="0" end="100" delay="200" time="400" />
					</animation>
					<animation type="Hidden" reversible="false">
						<effect type="zoom" start="100" end="50" center="auto" easing="in" tween="quadratic" time="400" />
						<effect type="fade" start="100" end="0" time="400" />
					</animation>
					<posx>0</posx>
					<posy>0</posy>
					<width>$PARAM[panel-width]</width>
					<height>660</height>
					<onleft>1000</onleft>
					<onright>2100</onright>
					<onup>2001</onup>
					<ondown>2001</ondown>
					<viewtype label="535">list</viewtype>
					<pagecontrol>60</pagecontrol>
					<scrolltime>200</scrolltime>
					<itemlayout height="330" width="210">
						<control type="image">
							<posx>0</posx>
							<posy>0</posy>
							<width>210</width>
							<height>330</height>
							<texture>black.png</texture>
							<bordertexture border="6">panel_shadow.png</bordertexture>
							<bordersize>5</bordersize>
							<colordiffuse>99000000</colordiffuse>
						</control>
						<control type="image">
							<posx>15</posx>
							<posy>15</posy>
							<width>180</width>
							<height>270</height>
							<texture background="true">$INFO[Listitem.Icon]</texture>
						</control>
						<control type="label">
							<posx>10</posx>
							<posy>290</posy>
							<width>190</width>
							<height>25</height>
							<font>font16</font>
							<textcolor>grey2</textcolor>
							<selectedcolor>selected</selectedcolor>
							<align>center</align>
							<aligny>center</aligny>
							<label>$INFO[ListItem.Label]</label>
						</control>
					</itemlayout>
					<focusedlayout height="330" width="210">
						<control type="image">
							<posx>0</posx>
							<posy>0</posy>
							<width>210</width>
							<height>330</height>
							<texture>black.png</texture>
							<bordertexture border="6">panel_shadow.png</bordertexture>
							<bordersize>5</bordersize>
							<colordiffuse>99000000</colordiffuse>
						</control>
						<control type="image">
							<posx>15</posx>
							<posy>15</posy>
							<width>180</width>
							<height>270</height>
							<texture background="true">$INFO[Listitem.Icon]</texture>
						</control>
						<control type="label">
							<posx>10</posx>
							<posy>290</posy>
							<width>190</width>
							<height>25</height>
							<font>font16</font>
							<textcolor>white</textcolor>
							<selectedcolor>selected</selectedcolor>
							<align>center</align>
							<aligny>center</aligny>
							<label>$INFO[ListItem.Label]</label>
						</control>
						<control type="image">
							<posx>5</posx>
							<posy>5</posy>
							<width>200</width>
							<height>320</height>
							<texture border="5">thumb_focus.png</texture>
						</control>
					</focusedlayout>
				<content target="movies" limit="10">videodb://recentlyaddedmovies/</content>
				</control>
				<control type="panel" id="2200">
					<visible>Library.HasContent(TVShows) + Container(9010).HasFocus(2)</visible>
					<animation type="Visible" reversible="false">
						<effect type="slide" start="400,0" end="0,0" delay="200" easing="out" tween="quadratic" time="400" />
						<effect type="fade" start="0" end="100" delay="200" time="400" />
					</animation>
					<animation type="Hidden" reversible="false">
						<effect type="zoom" start="100" end="50" center="auto" easing="in" tween="quadratic" time="400" />
						<effect type="fade" start="100" end="0" time="400" />
					</animation>
					<animation effect="slide" start="0,0" end="71,0" time="0" condition="String.IsEqual(Skin.AspectRatio,4:3)">Conditional</animation>
					<posx>-36</posx>
					<posy>0</posy>
					<width>$PARAM[panel-width]</width>
					<height>660</height>
					<onleft>1000</onleft>
					<onright>2200</onright>
					<onup>2002</onup>
					<ondown>2002</ondown>
					<viewtype label="535">list</viewtype>
					<pagecontrol>60</pagecontrol>
					<scrolltime>200</scrolltime>
					<itemlayout height="220" width="280">
						<control type="image">
							<posx>0</posx>
							<posy>0</posy>
							<width>280</width>
							<height>220</height>
							<texture>black.png</texture>
							<bordertexture border="6">panel_shadow.png</bordertexture>
							<bordersize>5</bordersize>
							<colordiffuse>99000000</colordiffuse>
						</control>
						<control type="image">
							<posx>15</posx>
							<posy>15</posy>
							<width>250</width>
							<height>140</height>
							<aspectratio>scale</aspectratio>
							<texture background="true">$INFO[Listitem.Icon]</texture>
						</control>
						<control type="label">
							<posx>15</posx>
							<posy>160</posy>
							<width>250</width>
							<height>25</height>
							<font>font16</font>
							<textcolor>grey2</textcolor>
							<selectedcolor>selected</selectedcolor>
							<align>center</align>
							<aligny>center</aligny>
							<label>$INFO[ListItem.Label]</label>
						</control>
						<control type="label">
							<posx>15</posx>
							<posy>185</posy>
							<width>250</width>
							<height>20</height>
							<font>font16</font>
							<textcolor>grey2</textcolor>
							<selectedcolor>selected</selectedcolor>
							<align>center</align>
							<aligny>center</aligny>
							<label>[UPPERCASE]$INFO[ListItem.TVShowTitle][/UPPERCASE]</label>
						</control>
					</itemlayout>
					<focusedlayout height="250" width="213">
						<control type="image">
							<posx>0</posx>
							<posy>0</posy>
							<width>280</width>
							<height>220</height>
							<texture>black.png</texture>
							<bordertexture border="6">panel_shadow.png</bordertexture>
							<bordersize>5</bordersize>
							<colordiffuse>99000000</colordiffuse>
						</control>
						<control type="image">
							<posx>15</posx>
							<posy>15</posy>
							<width>250</width>
							<height>140</height>
							<aspectratio>scale</aspectratio>
							<texture background="true">$INFO[Listitem.Icon]</texture>
						</control>
						<control type="label">
							<posx>15</posx>
							<posy>160</posy>
							<width>250</width>
							<height>25</height>
							<font>font16</font>
							<textcolor>white</textcolor>
							<selectedcolor>selected</selectedcolor>
							<align>center</align>
							<aligny>center</aligny>
							<label>$INFO[ListItem.Label]</label>
						</control>
						<control type="label">
							<posx>15</posx>
							<posy>185</posy>
							<width>250</width>
							<height>20</height>
							<font>font16</font>
							<textcolor>white</textcolor>
							<selectedcolor>selected</selectedcolor>
							<align>center</align>
							<aligny>center</aligny>
							<label>[UPPERCASE]$INFO[ListItem.TVShowTitle][/UPPERCASE]</label>
						</control>
						<control type="image">
							<posx>5</posx>
							<posy>5</posy>
							<width>270</width>
							<height>210</height>
							<texture border="5">thumb_focus.png</texture>
						</control>
					</focusedlayout>
				<content target="video" limit="12">videodb://recentlyaddedepisodes/</content>
				</control>
				<control type="panel" id="2300">
					<visible>Library.HasContent(Music) + Container(9010).HasFocus(3)</visible>
					<animation type="Visible" reversible="false">
						<effect type="slide" start="400,0" end="0,0" delay="200" easing="out" tween="quadratic" time="400" />
						<effect type="fade" start="0" end="100" delay="200" time="400" />
					</animation>
					<animation type="Hidden" reversible="false">
						<effect type="zoom" start="100" end="50" center="auto" easing="in" tween="quadratic" time="400" />
						<effect type="fade" start="100" end="0" time="400" />
					</animation>
					<posx>0</posx>
					<posy>0</posy>
					<width>$PARAM[panel-width]</width>
					<height>660</height>
					<onleft>1000</onleft>
					<onright>2300</onright>
					<onup>2003</onup>
					<ondown>2003</ondown>
					<viewtype label="535">list</viewtype>
					<pagecontrol></pagecontrol>
					<scrolltime>200</scrolltime>
					<itemlayout height="220" width="210">
						<control type="image">
							<posx>0</posx>
							<posy>0</posy>
							<width>210</width>
							<height>220</height>
							<texture>black.png</texture>
							<bordertexture border="6">panel_shadow.png</bordertexture>
							<bordersize>5</bordersize>
							<colordiffuse>99000000</colordiffuse>
						</control>
						<control type="image">
							<posx>15</posx>
							<posy>15</posy>
							<width>180</width>
							<height>165</height>
							<texture background="true">$INFO[Listitem.Icon]</texture>
						</control>
						<control type="label">
							<posx>15</posx>
							<posy>185</posy>
							<width>190</width>
							<height>25</height>
							<font>font16</font>
							<textcolor>grey2</textcolor>
							<selectedcolor>selected</selectedcolor>
							<align>center</align>
							<aligny>center</aligny>
							<label>$INFO[ListItem.Label]</label>
						</control>
					</itemlayout>
					<focusedlayout height="170" width="160">
						<control type="image">
							<posx>0</posx>
							<posy>0</posy>
							<width>210</width>
							<height>220</height>
							<texture>black.png</texture>
							<bordertexture border="6">panel_shadow.png</bordertexture>
							<bordersize>5</bordersize>
							<colordiffuse>99000000</colordiffuse>
						</control>
						<control type="image">
							<posx>15</posx>
							<posy>15</posy>
							<width>180</width>
							<height>165</height>
							<texture background="true">$INFO[Listitem.Icon]</texture>
						</control>
						<control type="label">
							<posx>15</posx>
							<posy>185</posy>
							<width>190</width>
							<height>25</height>
							<font>font16</font>
							<textcolor>white</textcolor>
							<selectedcolor>selected</selectedcolor>
							<align>center</align>
							<aligny>center</aligny>
							<label>$INFO[ListItem.Label]</label>
						</control>
						<control type="image">
							<posx>5</posx>
							<posy>5</posy>
							<width>200</width>
							<height>210</height>
							<texture border="5">thumb_focus.png</texture>
						</control>
					</focusedlayout>
				<content target="music" limit="15">musicdb://recentlyaddedalbums/</content>
				</control>
				<control type="panel" id="2400">
					<visible>Container(9010).HasFocus(4)</visible>
					<animation type="Visible" reversible="false">
						<effect type="slide" start="400,0" end="0,0" delay="200" easing="out" tween="quadratic" time="400" />
						<effect type="fade" start="0" end="100" delay="200" time="400" />
					</animation>
					<animation type="Hidden" reversible="false">
						<effect type="zoom" start="100" end="50" center="auto" easing="in" tween="quadratic" time="400" />
						<effect type="fade" start="100" end="0" time="400" />
					</animation>
					<posx>0</posx>
					<posy>0</posy>
					<width>$PARAM[panel-width]</width>
					<height>660</height>
					<onleft>1000</onleft>
					<onright>2200</onright>
					<onup>2002</onup>
					<ondown>2002</ondown>
					<viewtype label="535">list</viewtype>
					<pagecontrol>60</pagecontrol>
					<scrolltime>200</scrolltime>
					<itemlayout height="220" width="210">
						<control type="image">
							<posx>0</posx>
							<posy>0</posy>
							<width>210</width>
							<height>220</height>
							<texture>black.png</texture>
							<bordertexture border="6">panel_shadow.png</bordertexture>
							<bordersize>5</bordersize>
							<colordiffuse>99000000</colordiffuse>
						</control>
						<control type="image">
							<posx>15</posx>
							<posy>15</posy>
							<width>180</width>
							<height>165</height>
							<texture background="true">$INFO[Listitem.Icon]</texture>
						</control>
						<control type="label">
							<posx>15</posx>
							<posy>185</posy>
							<width>190</width>
							<height>25</height>
							<font>font16</font>
							<textcolor>grey2</textcolor>
							<selectedcolor>selected</selectedcolor>
							<align>center</align>
							<aligny>center</aligny>
							<label>$INFO[ListItem.Label]</label>
						</control>
					</itemlayout>
					<focusedlayout height="170" width="160">
						<control type="image">
							<posx>0</posx>
							<posy>0</posy>
							<width>210</width>
							<height>220</height>
							<texture>black.png</texture>
							<bordertexture border="6">panel_shadow.png</bordertexture>
							<bordersize>5</bordersize>
							<colordiffuse>99000000</colordiffuse>
						</control>
						<control type="image">
							<posx>15</posx>
							<posy>15</posy>
							<width>180</width>
							<height>165</height>
							<texture background="true">$INFO[Listitem.Icon]</texture>
						</control>
						<control type="label">
							<posx>15</posx>
							<posy>185</posy>
							<width>190</width>
							<height>25</height>
							<font>font16</font>
							<textcolor>white</textcolor>
							<selectedcolor>selected</selectedcolor>
							<align>center</align>
							<aligny>center</aligny>
							<label>$INFO[ListItem.Label]</label>
						</control>
						<control type="image">
							<posx>5</posx>
							<posy>5</posy>
							<width>200</width>
							<height>210</height>
							<texture border="5">thumb_focus.png</texture>
						</control>
					</focusedlayout>
					<content>
						<item>
							<label>$INFO[system.addontitle(Skin.String(HomeAddonButton1))]</label>
							<label2></label2>
							<onclick>RunAddon($INFO[Skin.String(HomeAddonButton1)])</onclick>
							<icon>$INFO[system.addonicon(Skin.String(HomeAddonButton1))]</icon>
							<thumb></thumb>
							<visible>!String.IsEmpty(Skin.String(HomeAddonButton1))</visible>
						</item>
						<item>
							<label>$INFO[system.addontitle(Skin.String(HomeAddonButton2))]</label>
							<label2></label2>
							<onclick>RunAddon($INFO[Skin.String(HomeAddonButton2)])</onclick>
							<icon>$INFO[system.addonicon(Skin.String(HomeAddonButton2))]</icon>
							<thumb></thumb>
							<visible>!String.IsEmpty(Skin.String(HomeAddonButton2))</visible>
						</item>
						<item>
							<label>$INFO[system.addontitle(Skin.String(HomeAddonButton3))]</label>
							<label2></label2>
							<onclick>RunAddon($INFO[Skin.String(HomeAddonButton3)])</onclick>
							<icon>$INFO[system.addonicon(Skin.String(HomeAddonButton3))]</icon>
							<thumb></thumb>
							<visible>!String.IsEmpty(Skin.String(HomeAddonButton3))</visible>
						</item>
						<item>
							<label>$INFO[system.addontitle(Skin.String(HomeAddonButton4))]</label>
							<label2></label2>
							<onclick>RunAddon($INFO[Skin.String(HomeAddonButton4)])</onclick>
							<icon>$INFO[system.addonicon(Skin.String(HomeAddonButton4))]</icon>
							<thumb></thumb>
							<visible>!String.IsEmpty(Skin.String(HomeAddonButton4))</visible>
						</item>
						<item>
							<label>$INFO[system.addontitle(Skin.String(HomeAddonButton5))]</label>
							<label2></label2>
							<onclick>RunAddon($INFO[Skin.String(HomeAddonButton5)])</onclick>
							<icon>$INFO[system.addonicon(Skin.String(HomeAddonButton5))]</icon>
							<thumb></thumb>
							<visible>!String.IsEmpty(Skin.String(HomeAddonButton5))</visible>
						</item>
						<item>
							<label>$INFO[system.addontitle(Skin.String(HomeAddonButton6))]</label>
							<label2></label2>
							<onclick>RunAddon($INFO[Skin.String(HomeAddonButton6)])</onclick>
							<icon>$INFO[system.addonicon(Skin.String(HomeAddonButton6))]</icon>
							<thumb></thumb>
							<visible>!String.IsEmpty(Skin.String(HomeAddonButton6))</visible>
						</item>
						<item>
							<label>$INFO[system.addontitle(Skin.String(HomeAddonButton7))]</label>
							<label2></label2>
							<onclick>RunAddon($INFO[Skin.String(HomeAddonButton7)])</onclick>
							<icon>$INFO[system.addonicon(Skin.String(HomeAddonButton7))]</icon>
							<thumb></thumb>
							<visible>!String.IsEmpty(Skin.String(HomeAddonButton7))</visible>
						</item>
						<item>
							<label>$INFO[system.addontitle(Skin.String(HomeAddonButton8))]</label>
							<label2></label2>
							<onclick>RunAddon($INFO[Skin.String(HomeAddonButton8)])</onclick>
							<icon>$INFO[system.addonicon(Skin.String(HomeAddonButton8))]</icon>
							<thumb></thumb>
							<visible>!String.IsEmpty(Skin.String(HomeAddonButton8))</visible>
						</item>
						<item>
							<label>$INFO[system.addontitle(Skin.String(HomeAddonButton9))]</label>
							<label2></label2>
							<onclick>RunAddon($INFO[Skin.String(HomeAddonButton9)])</onclick>
							<icon>$INFO[system.addonicon(Skin.String(HomeAddonButton9))]</icon>
							<thumb></thumb>
							<visible>!String.IsEmpty(Skin.String(HomeAddonButton9))</visible>
						</item>
						<item>
							<label>$INFO[system.addontitle(Skin.String(HomeAddonButton10))]</label>
							<label2></label2>
							<onclick>RunAddon($INFO[Skin.String(HomeAddonButton10)])</onclick>
							<icon>$INFO[system.addonicon(Skin.String(HomeAddonButton10))]</icon>
							<thumb></thumb>
							<visible>!String.IsEmpty(Skin.String(HomeAddonButton10))</visible>
						</item>
						<item>
							<label>$INFO[system.addontitle(Skin.String(HomeAddonButton11))]</label>
							<label2></label2>
							<onclick>RunAddon($INFO[Skin.String(HomeAddonButton11)])</onclick>
							<icon>$INFO[system.addonicon(Skin.String(HomeAddonButton11))]</icon>
							<thumb></thumb>
							<visible>!String.IsEmpty(Skin.String(HomeAddonButton11))</visible>
						</item>
						<item>
							<label>$INFO[system.addontitle(Skin.String(HomeAddonButton12))]</label>
							<label2></label2>
							<onclick>RunAddon($INFO[Skin.String(HomeAddonButton12)])</onclick>
							<icon>$INFO[system.addonicon(Skin.String(HomeAddonButton12))]</icon>
							<thumb></thumb>
							<visible>!String.IsEmpty(Skin.String(HomeAddonButton12))</visible>
						</item>
						<item>
							<label>$INFO[system.addontitle(Skin.String(HomeAddonButton13))]</label>
							<label2></label2>
							<onclick>RunAddon($INFO[Skin.String(HomeAddonButton13)])</onclick>
							<icon>$INFO[system.addonicon(Skin.String(HomeAddonButton13))]</icon>
							<thumb></thumb>
							<visible>!String.IsEmpty(Skin.String(HomeAddonButton13))</visible>
						</item>
						<item>
							<label>$INFO[system.addontitle(Skin.String(HomeAddonButton14))]</label>
							<label2></label2>
							<onclick>RunAddon($INFO[Skin.String(HomeAddonButton14)])</onclick>
							<icon>$INFO[system.addonicon(Skin.String(HomeAddonButton14))]</icon>
							<thumb></thumb>
							<visible>!String.IsEmpty(Skin.String(HomeAddonButton14))</visible>
						</item>
					</content>
				</control>
			</control>
		</control>
	</include>
</includes>
