<?xml version="1.0" encoding="UTF-8"?>
<addon id="game.libretro.mame2000" name="Arcade (MAME 2000)" version="0.37.0.6.1" provider-name="Libretro">
  <requires>
    <import addon="game.libretro" version="1.0.0"/>
  </requires>
  <extension point="kodi.gameclient" library_linux="game.libretro.mame2000.so">
    <platforms/>
    <extensions>zip|ZIP</extensions>
    <supports_vfs>false</supports_vfs>
    <supports_standalone>false</supports_standalone>
  </extension>
  <extension point="xbmc.addon.metadata">
    <summary lang="en_GB">Arcade (MAME 2000) 0.37b5</summary>
    <description lang="en_GB">Supported files: .zip, .ZIP</description>
    <license>MAME</license>
    <platform/>
    <source>https://github.com/kodi-game/game.libretro.mame2000</source>
  </extension>
</addon>
