<!-- 
Note: the first 4 bits is genre and last is sub genre

Kodi DVB Genres can be found here: usersdata/genres/kodiDVBGenres.xml

Mapping ID Genres:
 - The end result is to map to one of the DVB Genres for Kodi PVR. 
 - This enables Kodi PVR to colour the EPG entries accordingly. 
 - Mapping are done of the Hex value of the genre ID. 
 - SourceId is the genre id from the feed.
 - Mapping element content is the DVB genre ID
 - If a mapping can't be found it defaults to 0x00 (Undefined). However all possible 256 values detailed below.

If you are creating yoru own ID mappings make a copy of this file in the same directory so it's not overwritten and start from there.

NOTE: IF YOU MODIFY THIS FILE IT WILL BE OVERWRITTEN NEXT TIME THE ADDON IS STARTED

If you have changes either create a PR containing the changes or an issue with details at:
  https://github.com/kodi-pvr/pvr.vuplus
-->      

<genreIdMappings>
  <mapperName>Sky-UK</mapperName>
  <mappings>
    <mapping sourceId="0x00">0x00</mapping> <!-- Undefined -->
    <mapping sourceId="0x01">0x00</mapping> <!-- Undefined -->
    <mapping sourceId="0x02">0x00</mapping> <!-- Undefined -->
    <mapping sourceId="0x03">0x00</mapping> <!-- Undefined -->
    <mapping sourceId="0x04">0x00</mapping> <!-- Undefined -->
    <mapping sourceId="0x05">0x00</mapping> <!-- Undefined -->
    <mapping sourceId="0x06">0x00</mapping> <!-- Undefined -->
    <mapping sourceId="0x07">0x00</mapping> <!-- Undefined -->
    <mapping sourceId="0x08">0x00</mapping> <!-- Undefined -->
    <mapping sourceId="0x09">0x00</mapping> <!-- Undefined -->
    <mapping sourceId="0x0A">0x00</mapping> <!-- Undefined -->
    <mapping sourceId="0x0B">0x00</mapping> <!-- Undefined -->
    <mapping sourceId="0x0C">0x00</mapping> <!-- Undefined -->
    <mapping sourceId="0x0D">0x00</mapping> <!-- Undefined -->
    <mapping sourceId="0x0E">0x00</mapping> <!-- Undefined -->
    <mapping sourceId="0x0F">0x00</mapping> <!-- Undefined -->
    <mapping sourceId="0x10">0x00</mapping> <!-- Undefined -->
    <mapping sourceId="0x11">0x00</mapping> <!-- Undefined -->
    <mapping sourceId="0x12">0x00</mapping> <!-- Undefined -->
    <mapping sourceId="0x13">0x00</mapping> <!-- Undefined -->
    <mapping sourceId="0x14">0x00</mapping> <!-- Undefined -->
    <mapping sourceId="0x15">0x00</mapping> <!-- Undefined -->
    <mapping sourceId="0x16">0x00</mapping> <!-- Undefined -->
    <mapping sourceId="0x17">0x00</mapping> <!-- Undefined -->
    <mapping sourceId="0x18">0x00</mapping> <!-- Undefined -->
    <mapping sourceId="0x19">0x00</mapping> <!-- Undefined -->
    <mapping sourceId="0x1A">0x00</mapping> <!-- Undefined -->
    <mapping sourceId="0x1B">0x00</mapping> <!-- Undefined -->
    <mapping sourceId="0x1C">0x00</mapping> <!-- Undefined -->
    <mapping sourceId="0x1D">0x00</mapping> <!-- Undefined -->
    <mapping sourceId="0x1E">0x00</mapping> <!-- Undefined -->
    <mapping sourceId="0x1F">0x00</mapping> <!-- Undefined -->
    <mapping sourceId="0x20">0x00</mapping> <!-- Undefined -->
    <mapping sourceId="0x21">0x00</mapping> <!-- Undefined -->
    <mapping sourceId="0x22">0x00</mapping> <!-- Undefined -->
    <mapping sourceId="0x23">0xA6</mapping> <!-- Advertisement/Shopping -->
    <mapping sourceId="0x24">0x00</mapping> <!-- Undefined -->
    <mapping sourceId="0x25">0x00</mapping> <!-- Undefined -->
    <mapping sourceId="0x26">0x00</mapping> <!-- Undefined -->
    <mapping sourceId="0x27">0x00</mapping> <!-- Undefined -->
    <mapping sourceId="0x28">0x00</mapping> <!-- Undefined -->
    <mapping sourceId="0x29">0x00</mapping> <!-- Undefined -->
    <mapping sourceId="0x2A">0x00</mapping> <!-- Undefined -->
    <mapping sourceId="0x2B">0x00</mapping> <!-- Undefined -->
    <mapping sourceId="0x2C">0x00</mapping> <!-- Undefined -->
    <mapping sourceId="0x2D">0x00</mapping> <!-- Undefined -->
    <mapping sourceId="0x2E">0x00</mapping> <!-- Undefined -->
    <mapping sourceId="0x2F">0x00</mapping> <!-- Undefined -->
    <mapping sourceId="0x30">0x00</mapping> <!-- Undefined -->
    <mapping sourceId="0x31">0x00</mapping> <!-- Undefined -->
    <mapping sourceId="0x32">0x00</mapping> <!-- Undefined -->
    <mapping sourceId="0x33">0x00</mapping> <!-- Undefined -->
    <mapping sourceId="0x34">0x00</mapping> <!-- Undefined -->
    <mapping sourceId="0x35">0x00</mapping> <!-- Undefined -->
    <mapping sourceId="0x36">0x00</mapping> <!-- Undefined -->
    <mapping sourceId="0x37">0x00</mapping> <!-- Undefined -->
    <mapping sourceId="0x38">0x00</mapping> <!-- Undefined -->
    <mapping sourceId="0x39">0x00</mapping> <!-- Undefined -->
    <mapping sourceId="0x3A">0x00</mapping> <!-- Undefined -->
    <mapping sourceId="0x3B">0x00</mapping> <!-- Undefined -->
    <mapping sourceId="0x3C">0x00</mapping> <!-- Undefined -->
    <mapping sourceId="0x3D">0x00</mapping> <!-- Undefined -->
    <mapping sourceId="0x3E">0x00</mapping> <!-- Undefined -->
    <mapping sourceId="0x3F">0x00</mapping> <!-- Undefined -->
    <mapping sourceId="0x40">0x50</mapping> <!-- Children's/Youth Programmes -->
    <mapping sourceId="0x41">0x55</mapping> <!-- Cartoons/Puppets -->
    <mapping sourceId="0x42">0x50</mapping> <!-- Children's/Youth Programmes -->
    <mapping sourceId="0x43">0x50</mapping> <!-- Children's/Youth Programmes -->
    <mapping sourceId="0x44">0x54</mapping> <!-- Informational/Educational/School Programme -->
    <mapping sourceId="0x45">0x51</mapping> <!-- Pre-school Children's Programmes -->
    <mapping sourceId="0x46">0x54</mapping> <!-- Informational/Educational/School Programme -->
    <mapping sourceId="0x47">0x50</mapping> <!-- Children's/Youth Programmes -->
    <mapping sourceId="0x48">0x00</mapping> <!-- Undefined -->
    <mapping sourceId="0x49">0x00</mapping> <!-- Undefined -->
    <mapping sourceId="0x4A">0x00</mapping> <!-- Undefined -->
    <mapping sourceId="0x4B">0x00</mapping> <!-- Undefined -->
    <mapping sourceId="0x4C">0x00</mapping> <!-- Undefined -->
    <mapping sourceId="0x4D">0x00</mapping> <!-- Undefined -->
    <mapping sourceId="0x4E">0x00</mapping> <!-- Undefined -->
    <mapping sourceId="0x4F">0x00</mapping> <!-- Undefined -->
    <mapping sourceId="0x50">0x00</mapping> <!-- Undefined -->
    <mapping sourceId="0x51">0x00</mapping> <!-- Undefined -->
    <mapping sourceId="0x52">0x00</mapping> <!-- Undefined -->
    <mapping sourceId="0x53">0x00</mapping> <!-- Undefined -->
    <mapping sourceId="0x54">0x00</mapping> <!-- Undefined -->
    <mapping sourceId="0x55">0x00</mapping> <!-- Undefined -->
    <mapping sourceId="0x56">0x00</mapping> <!-- Undefined -->
    <mapping sourceId="0x57">0x00</mapping> <!-- Undefined -->
    <mapping sourceId="0x58">0x00</mapping> <!-- Undefined -->
    <mapping sourceId="0x59">0x00</mapping> <!-- Undefined -->
    <mapping sourceId="0x5A">0x00</mapping> <!-- Undefined -->
    <mapping sourceId="0x5B">0x00</mapping> <!-- Undefined -->
    <mapping sourceId="0x5C">0x00</mapping> <!-- Undefined -->
    <mapping sourceId="0x5D">0x00</mapping> <!-- Undefined -->
    <mapping sourceId="0x5E">0x00</mapping> <!-- Undefined -->
    <mapping sourceId="0x5F">0x00</mapping> <!-- Undefined -->
    <mapping sourceId="0x60">0x10</mapping> <!-- General Movie/Drama -->
    <mapping sourceId="0x61">0x12</mapping> <!-- Adventure/Western/War -->
    <mapping sourceId="0x62">0x14</mapping> <!-- Comedy -->
    <mapping sourceId="0x63">0x11</mapping> <!-- Detective/Thriller -->
    <mapping sourceId="0x64">0x10</mapping> <!-- General Movie/Drama -->
    <mapping sourceId="0x65">0x31</mapping> <!-- Game Show/Quiz/Contest -->
    <mapping sourceId="0x66">0x13</mapping> <!-- Science Fiction/Fantasy/Horror -->
    <mapping sourceId="0x67">0x15</mapping> <!-- Soap/Melodrama/Folkloric -->
    <mapping sourceId="0x68">0x10</mapping> <!-- General Movie/Drama -->
    <mapping sourceId="0x69">0x33</mapping> <!-- Talk Show -->
    <mapping sourceId="0x6A">0xA5</mapping> <!-- Cooking -->
    <mapping sourceId="0x6B">0x90</mapping> <!-- Education/Science/Factual -->
    <mapping sourceId="0x6C">0x7B</mapping> <!-- Fashion -->
    <mapping sourceId="0x6D">0xA7</mapping> <!-- Gardening -->
    <mapping sourceId="0x6E">0xA1</mapping> <!-- Tourism/Travel -->
    <mapping sourceId="0x6F">0x10</mapping> <!-- General Movie/Drama -->
    <mapping sourceId="0x70">0x70</mapping> <!-- Arts/Culture -->
    <mapping sourceId="0x71">0xA0</mapping> <!-- Leisure/Hobbies -->
    <mapping sourceId="0x72">0xA0</mapping> <!-- Leisure/Hobbies -->
    <mapping sourceId="0x73">0x22</mapping> <!-- News Magazine -->
    <mapping sourceId="0x74">0x10</mapping> <!-- General Movie/Drama -->
    <mapping sourceId="0x75">0x24</mapping> <!-- Discussion/Interview/Debate -->
    <mapping sourceId="0x76">0xA0</mapping> <!-- Leisure/Hobbies -->
    <mapping sourceId="0x77">0xA3</mapping> <!-- Motoring -->
    <mapping sourceId="0x78">0x75</mapping> <!-- Film/Cinema -->
    <mapping sourceId="0x79">0x66</mapping> <!-- Ballet -->
    <mapping sourceId="0x7A">0x65</mapping> <!-- Musical/Opera -->
    <mapping sourceId="0x7B">0x00</mapping> <!-- Undefined -->
    <mapping sourceId="0x7C">0x00</mapping> <!-- Undefined -->
    <mapping sourceId="0x7D">0x00</mapping> <!-- Undefined -->
    <mapping sourceId="0x7E">0x00</mapping> <!-- Undefined -->
    <mapping sourceId="0x7F">0x00</mapping> <!-- Undefined -->
    <mapping sourceId="0x80">0x60</mapping> <!-- Music/Ballet/Dance -->
    <mapping sourceId="0x81">0x62</mapping> <!-- Serious/Classical Music -->
    <mapping sourceId="0x82">0x63</mapping> <!-- Folk/Traditional Music -->
    <mapping sourceId="0x83">0x60</mapping> <!-- Music/Ballet/Dance -->
    <mapping sourceId="0x84">0x64</mapping> <!-- Jazz -->
    <mapping sourceId="0x85">0x65</mapping> <!-- Musical/Opera -->
    <mapping sourceId="0x86">0x61</mapping> <!-- Rock/Pop -->
    <mapping sourceId="0x87">0x60</mapping> <!-- Music/Ballet/Dance -->
    <mapping sourceId="0x88">0x60</mapping> <!-- Music/Ballet/Dance -->
    <mapping sourceId="0x89">0x60</mapping> <!-- Music/Ballet/Dance -->
    <mapping sourceId="0x8A">0x60</mapping> <!-- Music/Ballet/Dance -->
    <mapping sourceId="0x8B">0x60</mapping> <!-- Music/Ballet/Dance -->
    <mapping sourceId="0x8C">0x60</mapping> <!-- Music/Ballet/Dance -->
    <mapping sourceId="0x8D">0x00</mapping> <!-- Undefined -->
    <mapping sourceId="0x8E">0x00</mapping> <!-- Undefined -->
    <mapping sourceId="0x8F">0x00</mapping> <!-- Undefined -->
    <mapping sourceId="0x90">0x60</mapping> <!-- Music/Ballet/Dance -->
    <mapping sourceId="0x91">0x00</mapping> <!-- Undefined -->
    <mapping sourceId="0x92">0x00</mapping> <!-- Undefined -->
    <mapping sourceId="0x93">0x00</mapping> <!-- Undefined -->
    <mapping sourceId="0x94">0x00</mapping> <!-- Undefined -->
    <mapping sourceId="0x95">0x60</mapping> <!-- Music/Ballet/Dance -->
    <mapping sourceId="0x96">0x60</mapping> <!-- Music/Ballet/Dance -->
    <mapping sourceId="0x97">0x60</mapping> <!-- Music/Ballet/Dance -->
    <mapping sourceId="0x98">0x60</mapping> <!-- Music/Ballet/Dance -->
    <mapping sourceId="0x99">0x60</mapping> <!-- Music/Ballet/Dance -->
    <mapping sourceId="0x9A">0x60</mapping> <!-- Music/Ballet/Dance -->
    <mapping sourceId="0x9B">0x00</mapping> <!-- Undefined -->
    <mapping sourceId="0x9C">0x00</mapping> <!-- Undefined -->
    <mapping sourceId="0x9D">0x00</mapping> <!-- Undefined -->
    <mapping sourceId="0x9E">0x00</mapping> <!-- Undefined -->
    <mapping sourceId="0x9F">0x00</mapping> <!-- Undefined -->
    <mapping sourceId="0xA0">0x20</mapping> <!-- News/Current Affairs -->
    <mapping sourceId="0xA1">0x20</mapping> <!-- News/Current Affairs -->
    <mapping sourceId="0xA2">0x20</mapping> <!-- News/Current Affairs -->
    <mapping sourceId="0xA3">0x20</mapping> <!-- News/Current Affairs -->
    <mapping sourceId="0xA4">0x83</mapping> <!-- Remarkable People -->
    <mapping sourceId="0xA5">0x90</mapping> <!-- Education/Science/Factual -->
    <mapping sourceId="0xA6">0x20</mapping> <!-- News/Current Affairs -->
    <mapping sourceId="0xA7">0x80</mapping> <!-- Social/Political/Economics -->
    <mapping sourceId="0xA8">0x20</mapping> <!-- News/Current Affairs -->
    <mapping sourceId="0xA9">0x20</mapping> <!-- News/Current Affairs -->
    <mapping sourceId="0xAA">0x20</mapping> <!-- News/Current Affairs -->
    <mapping sourceId="0xAB">0x20</mapping> <!-- News/Current Affairs -->
    <mapping sourceId="0xAC">0x20</mapping> <!-- News/Current Affairs -->
    <mapping sourceId="0xAD">0x20</mapping> <!-- News/Current Affairs -->
    <mapping sourceId="0xAE">0x20</mapping> <!-- News/Current Affairs -->
    <mapping sourceId="0xAF">0x20</mapping> <!-- News/Current Affairs -->
    <mapping sourceId="0xB0">0x20</mapping> <!-- News/Current Affairs -->
    <mapping sourceId="0xB1">0x20</mapping> <!-- News/Current Affairs -->
    <mapping sourceId="0xB2">0x20</mapping> <!-- News/Current Affairs -->
    <mapping sourceId="0xB3">0x00</mapping> <!-- Undefined -->
    <mapping sourceId="0xB4">0x00</mapping> <!-- Undefined -->
    <mapping sourceId="0xB5">0x00</mapping> <!-- Undefined -->
    <mapping sourceId="0xB6">0x00</mapping> <!-- Undefined -->
    <mapping sourceId="0xB7">0x00</mapping> <!-- Undefined -->
    <mapping sourceId="0xB8">0x00</mapping> <!-- Undefined -->
    <mapping sourceId="0xB9">0x00</mapping> <!-- Undefined -->
    <mapping sourceId="0xBA">0x00</mapping> <!-- Undefined -->
    <mapping sourceId="0xBB">0x00</mapping> <!-- Undefined -->
    <mapping sourceId="0xBC">0x00</mapping> <!-- Undefined -->
    <mapping sourceId="0xBD">0x00</mapping> <!-- Undefined -->
    <mapping sourceId="0xBE">0x00</mapping> <!-- Undefined -->
    <mapping sourceId="0xBF">0x00</mapping> <!-- Undefined -->
    <mapping sourceId="0xC0">0x10</mapping> <!-- General Movie/Drama -->
    <mapping sourceId="0xC1">0x12</mapping> <!-- Adventure/Western/War -->
    <mapping sourceId="0xC2">0x10</mapping> <!-- General Movie/Drama -->
    <mapping sourceId="0xC3">0x10</mapping> <!-- General Movie/Drama -->
    <mapping sourceId="0xC4">0x14</mapping> <!-- Comedy -->
    <mapping sourceId="0xC5">0x10</mapping> <!-- General Movie/Drama -->
    <mapping sourceId="0xC6">0x10</mapping> <!-- General Movie/Drama -->
    <mapping sourceId="0xC7">0x10</mapping> <!-- General Movie/Drama -->
    <mapping sourceId="0xC8">0x13</mapping> <!-- Science Fiction/Fantasy/Horror -->
    <mapping sourceId="0xC9">0x11</mapping> <!-- Detective/Thriller -->
    <mapping sourceId="0xCA">0x13</mapping> <!-- Science Fiction/Fantasy/Horror -->
    <mapping sourceId="0xCB">0x16</mapping> <!-- Undefined -->
    <mapping sourceId="0xCC">0x10</mapping> <!-- General Movie/Drama -->
    <mapping sourceId="0xCD">0x10</mapping> <!-- General Movie/Drama -->
    <mapping sourceId="0xCE">0x12</mapping> <!-- Adventure/Western/War -->
    <mapping sourceId="0xCF">0x17</mapping> <!-- Serious/Classical/Religious/Historical Movie/Drama -->
    <mapping sourceId="0xD0">0x13</mapping> <!-- Science Fiction/Fantasy/Horror -->
    <mapping sourceId="0xD1">0x18</mapping> <!-- Adult Movie/Drama -->
    <mapping sourceId="0xD2">0x12</mapping> <!-- Adventure/Western/War -->
    <mapping sourceId="0xD3">0x00</mapping> <!-- Undefined -->
    <mapping sourceId="0xD4">0x00</mapping> <!-- Undefined -->
    <mapping sourceId="0xD5">0x00</mapping> <!-- Undefined -->
    <mapping sourceId="0xD6">0x00</mapping> <!-- Undefined -->
    <mapping sourceId="0xD7">0x00</mapping> <!-- Undefined -->
    <mapping sourceId="0xD8">0x00</mapping> <!-- Undefined -->
    <mapping sourceId="0xD9">0x00</mapping> <!-- Undefined -->
    <mapping sourceId="0xDA">0x00</mapping> <!-- Undefined -->
    <mapping sourceId="0xDB">0x00</mapping> <!-- Undefined -->
    <mapping sourceId="0xDC">0x00</mapping> <!-- Undefined -->
    <mapping sourceId="0xDD">0x00</mapping> <!-- Undefined -->
    <mapping sourceId="0xDE">0x00</mapping> <!-- Undefined -->
    <mapping sourceId="0xDF">0x00</mapping> <!-- Undefined -->
    <mapping sourceId="0xE0">0x40</mapping> <!-- Sports -->
    <mapping sourceId="0xE1">0x45</mapping> <!-- Team Sports -->
    <mapping sourceId="0xE2">0x46</mapping> <!-- Athletics -->
    <mapping sourceId="0xE3">0x45</mapping> <!-- Team Sports -->
    <mapping sourceId="0xE4">0x45</mapping> <!-- Team Sports -->
    <mapping sourceId="0xE5">0x40</mapping> <!-- Sports -->
    <mapping sourceId="0xE6">0x45</mapping> <!-- Team Sports -->
    <mapping sourceId="0xE7">0x40</mapping> <!-- Sports -->
    <mapping sourceId="0xE8">0x43</mapping> <!-- Football -->
    <mapping sourceId="0xE9">0x40</mapping> <!-- Sports -->
    <mapping sourceId="0xEA">0x45</mapping> <!-- Team Sports -->
    <mapping sourceId="0xEB">0x47</mapping> <!-- Motor Sport -->
    <mapping sourceId="0xEC">0x4A</mapping> <!-- Equestrian -->
    <mapping sourceId="0xED">0x45</mapping> <!-- Team Sports -->
    <mapping sourceId="0xEE">0x4A</mapping> <!-- Equestrian -->
    <mapping sourceId="0xEF">0x49</mapping> <!-- Winter Sports -->
    <mapping sourceId="0xF0">0x40</mapping> <!-- Sports -->
    <mapping sourceId="0xF1">0x44</mapping> <!-- Tennis/Squash -->
    <mapping sourceId="0xF2">0x4B</mapping> <!-- Martial Sports -->
    <mapping sourceId="0xF3">0x40</mapping> <!-- Sports -->
    <mapping sourceId="0xF4">0x40</mapping> <!-- Sports -->
    <mapping sourceId="0xF5">0x40</mapping> <!-- Sports -->
    <mapping sourceId="0xF6">0x00</mapping> <!-- Undefined -->
    <mapping sourceId="0xF7">0x00</mapping> <!-- Undefined -->
    <mapping sourceId="0xF8">0x00</mapping> <!-- Undefined -->
    <mapping sourceId="0xF9">0x00</mapping> <!-- Undefined -->
    <mapping sourceId="0xFA">0x00</mapping> <!-- Undefined -->
    <mapping sourceId="0xFB">0x00</mapping> <!-- Undefined -->
    <mapping sourceId="0xFC">0x00</mapping> <!-- Undefined -->
    <mapping sourceId="0xFD">0x00</mapping> <!-- Undefined -->
    <mapping sourceId="0xFE">0x00</mapping> <!-- Undefined -->
    <mapping sourceId="0xFF">0x00</mapping> <!-- Undefined -->
  </mappings>
</genreIdMappings>