<?xml version="1.0" encoding="UTF-8"?>
<addon id="game.libretro.mame2010" name="Arcade (MAME 2010)" version="0.139.0.3.1" provider-name="Libretro">
  <requires>
    <import addon="game.libretro" version="1.0.0"/>
  </requires>
  <extension point="kodi.gameclient" library_linux="game.libretro.mame2010.so">
    <platforms/>
    <extensions>zip|chd|7z</extensions>
    <supports_vfs>false</supports_vfs>
    <supports_standalone>false</supports_standalone>
  </extension>
  <extension point="xbmc.addon.metadata">
    <summary lang="en_GB">Arcade (MAME 2010) 0.139</summary>
    <description lang="en_GB">Supported files: .zip, .chd, .7z</description>
    <license>MAME</license>
    <platform/>
    <source>https://github.com/kodi-game/game.libretro.mame2010</source>
  </extension>
</addon>
