<?xml version="1.0" encoding="UTF-8"?>
<addon id="audiodecoder.qsf" version="2.0.0.4" name="QSF Audio Decoder" provider-name="spiff">
  <requires>
    <import addon="kodi.binary.global.main" version="1.0.14"/>
    <import addon="kodi.binary.global.filesystem" version="1.0.2"/>
    <import addon="kodi.binary.instance.audiodecoder" version="2.0.0"/>
  </requires>
  <extension point="kodi.audiodecoder" name="qsf" extension=".miniqsf" tags="true" library_linux="audiodecoder.qsf.so.2.0.0"/>
  <extension point="xbmc.addon.metadata">
    <summary lang="en">QSF Audio Decoder</summary>
    <description lang="en">QSF Audio Decoder</description>
    <platform/>
  </extension>
</addon>
