<?xml version="1.0" encoding="UTF-8"?>
<addon id="audiodecoder.sidplay" version="1.1.3.4" name="Sidplay Audio Decoder" provider-name="spiff">
  <requires>
    <import addon="kodi.binary.global.main" version="1.0.14"/>
    <import addon="kodi.binary.global.filesystem" version="1.0.2"/>
    <import addon="kodi.binary.instance.audiodecoder" version="2.0.0"/>
  </requires>
  <extension point="kodi.audiodecoder" name="sid" extension=".sid|.sidstream" tracks="true" library_linux="audiodecoder.sidplay.so.1.1.3"/>
  <extension point="xbmc.addon.metadata">
    <summary lang="en">Sidplay Audio Decoder</summary>
    <description lang="en">Sidplay Audio Decoder</description>
    <platform/>
  </extension>
</addon>
