<?xml version="1.0" encoding="UTF-8" standalone="yes"?>
<addon id="service.emby4"
       name="Emby Server 4"
       version="9.2.100"
       provider-name="Anton Voyl (awiouy)">
  <requires>
    <import addon="os.libreelec.tv" version="9.2"/>
    <import addon="xbmc.python" version="2.1.0"/>

    <import addon="tools.ffmpeg-tools" version="0.0.0" />
    <import addon="tools.dotnet-runtime" version="0.0.0" />
  </requires>
  <extension point="xbmc.service" library="default.py">
    <provides></provides>
  </extension>
  <extension point="xbmc.addon.metadata">
    <summary>Emby Server: a personal media server</summary>
    <description>
Emby Server (4.0.0.2) brings your home videos, music, and photos together, automatically converting and streaming your media on-the-fly to any device
    </description>
    <disclaimer>

    </disclaimer>
    <platform>all</platform>
    <news>
100
- Initial release
    </news>
    <assets>
      <icon>resources/icon.png</icon>
      <fanart>resources/fanart.png</fanart>

    </assets>
  </extension>
</addon>
