<?xml version="1.0" encoding="UTF-8"?>
<addon id="audiodecoder.nosefart" version="2.0.0.4" name="Nosefart Audio Decoder" provider-name="spiff">
  <requires>
    <import addon="kodi.binary.global.main" version="1.0.14"/>
    <import addon="kodi.binary.global.filesystem" version="1.0.2"/>
    <import addon="kodi.binary.instance.audiodecoder" version="2.0.0"/>
  </requires>
  <extension point="kodi.audiodecoder" name="nsf" tags="true" tracks="true" extension=".nsf|.nsfstream" library_linux="audiodecoder.nosefart.so.2.0.0"/>
  <extension point="xbmc.addon.metadata">
    <summary lang="en">Nosefart (NSF) Audio Decoder</summary>
    <description lang="en">Nosefart (NSF) Audio Decoder</description>
    <platform/>
  </extension>
</addon>
