<?xml version="1.0" encoding="UTF-8"?>
<addon id="audiodecoder.fluidsynth" version="2.0.0.2" name="FluidSynth MIDI Audio Decoder" provider-name="spiff">
  <requires>
    <import addon="kodi.binary.global.main" version="1.0.14"/>
    <import addon="kodi.binary.global.gui" version="5.12.0"/>
    <import addon="kodi.binary.global.filesystem" version="1.0.2"/>
    <import addon="kodi.binary.instance.audiodecoder" version="2.0.0"/>
  </requires>
  <extension point="kodi.audiodecoder" name="fluid" extension=".mid|.kar" library_linux="audiodecoder.fluidsynth.so.2.0.0"/>
  <extension point="xbmc.addon.metadata">
    <summary lang="en">FluidSynth MIDI Audio Decoder</summary>
    <description lang="en">FluidSynth MIDI Audio Decoder</description>
    <platform/>
  </extension>
</addon>
