<?xml version="1.0" encoding="UTF-8"?>
<addon id="audiodecoder.ncsf" version="2.0.0.4" name="NCSF Audio Decoder" provider-name="spiff">
  <requires>
    <import addon="kodi.binary.global.main" version="1.0.14"/>
    <import addon="kodi.binary.global.filesystem" version="1.0.2"/>
    <import addon="kodi.binary.instance.audiodecoder" version="2.0.0"/>
  </requires>
  <extension point="kodi.audiodecoder" name="ncsf" extension=".minincsf" tags="true" library_linux="audiodecoder.ncsf.so.2.0.0"/>
  <extension point="xbmc.addon.metadata">
    <summary lang="en">NCSF Audio Decoder</summary>
    <description lang="en">NCSF Audio Decoder</description>
    <platform/>
  </extension>
</addon>
