<?xml version="1.0" encoding="UTF-8"?>
<addon id="audiodecoder.usf" version="2.0.0.4" name="USF Audio Decoder" provider-name="spiff">
  <requires>
    <import addon="kodi.binary.global.main" version="1.0.14"/>
    <import addon="kodi.binary.global.filesystem" version="1.0.2"/>
    <import addon="kodi.binary.instance.audiodecoder" version="2.0.0"/>
  </requires>
  <extension point="kodi.audiodecoder" name="usf" extension=".miniusf" tags="true" library_linux="audiodecoder.usf.so.2.0.0"/>
  <extension point="xbmc.addon.metadata">
    <summary lang="en">USF Audio Decoder</summary>
    <description lang="en">USF Audio Decoder</description>
    <platform/>
  </extension>
</addon>
