<?xml version="1.0" encoding="UTF-8"?>
<addon id="audiodecoder.stsound" version="2.0.0.4" name="YM Audio Decoder" provider-name="spiff">
  <requires>
    <import addon="kodi.binary.global.main" version="1.0.14"/>
    <import addon="kodi.binary.global.filesystem" version="1.0.2"/>
    <import addon="kodi.binary.instance.audiodecoder" version="2.0.0"/>
  </requires>
  <extension point="kodi.audiodecoder" name="ym" extension=".ym" tags="true" library_linux="audiodecoder.stsound.so.2.0.0"/>
  <extension point="xbmc.addon.metadata">
    <summary lang="en">YM (spectrum) Audio Decoder</summary>
    <description lang="en">YM (spectrum) Audio Decoder</description>
    <platform/>
  </extension>
</addon>
