<?xml version="1.0" encoding="UTF-8"?>
<addon id="game.libretro.beetle-supergrafx" name="NEC - PC Engine SuperGrafx (Beetle SGX)" version="0.9.41.4.1" provider-name="Libretro">
  <requires>
    <import addon="game.libretro" version="1.0.0"/>
    <import addon="game.controller.pce" version="1.0.0"/>
  </requires>
  <extension point="kodi.gameclient" library_linux="game.libretro.beetle-supergrafx.so">
    <platforms>SGX</platforms>
    <extensions>pce|sgx|cue|ccd|chd</extensions>
    <supports_vfs>false</supports_vfs>
    <supports_standalone>false</supports_standalone>
  </extension>
  <extension point="xbmc.addon.metadata">
    <summary lang="en_GB">NEC - PC Engine SuperGrafx (Beetle SGX) v0.9.41</summary>
    <description lang="en_GB">Source: https://github.com/libretro/beetle-supergrafx-libretro

Supported files: .pce, .sgx, .cue, .ccd, .chd</description>
    <license>GPLv2</license>
    <platform/>
    <source>https://github.com/kodi-game/game.libretro.beetle-supergrafx</source>
    <assets>
      <icon>resources/icon.png</icon>
      <screenshot>resources/screenshot-01.jpg</screenshot>
      <screenshot>resources/screenshot-02.jpg</screenshot>
      <screenshot>resources/screenshot-03.jpg</screenshot>
    </assets>
  </extension>
</addon>
